BEGIN TRANSACTION;
DROP TABLE "schema_migrations";
CREATE TABLE "schema_migrations" ("version" varchar(255) NOT NULL);
INSERT INTO "schema_migrations" VALUES('20141110135907');
INSERT INTO "schema_migrations" VALUES('20141110161524');
INSERT INTO "schema_migrations" VALUES('20141110171536');
INSERT INTO "schema_migrations" VALUES('20141110171606');
INSERT INTO "schema_migrations" VALUES('20141110190600');
INSERT INTO "schema_migrations" VALUES('20141110212920');
INSERT INTO "schema_migrations" VALUES('20141110222859');
INSERT INTO "schema_migrations" VALUES('20141110232206');
DROP TABLE "comments";
CREATE TABLE "comments" ("id" SERIAL PRIMARY KEY NOT NULL, "author_name" varchar(255), "body" text, "article_id" integer, "created_at" timestamp, "updated_at" timestamp);
INSERT INTO "comments" VALUES(1,'Daffy Duck','I think this article is thhh-thhh-thhupid!',1,'2014-11-10 16:21:00.551114','2014-11-10 16:21:00.551114');
INSERT INTO "comments" VALUES(2,'Chewy','RAWWAAAR',1,'2014-11-10 16:21:31.423952','2014-11-10 16:21:31.423952');
INSERT INTO "comments" VALUES(3,'','',1,'2014-11-10 16:47:34.931049','2014-11-10 16:47:34.931049');
INSERT INTO "comments" VALUES(4,'Eddie','Vedder, lol.',1,'2014-11-10 16:48:12.582755','2014-11-10 16:48:12.582755');
INSERT INTO "comments" VALUES(5,'Joao','I own. havaianas.',1,'2014-11-10 16:52:18.910935','2014-11-10 16:52:18.910935');
INSERT INTO "comments" VALUES(6,'Serio?','mesmo?',13,'2014-11-10 16:52:42.838230','2014-11-10 16:52:42.838230');
INSERT INTO "comments" VALUES(7,'cool','great',16,'2014-11-10 17:56:47.458855','2014-11-10 17:56:47.458855');
INSERT INTO "comments" VALUES(8,'','',16,'2014-11-10 17:56:54.594503','2014-11-10 17:56:54.594503');
DROP TABLE "tags";
CREATE TABLE "tags" ("id" SERIAL PRIMARY KEY NOT NULL, "name" varchar(255), "created_at" timestamp, "updated_at" timestamp);
INSERT INTO "tags" VALUES(1,'tag1','2014-11-10 17:23:51.381651','2014-11-10 17:23:51.381651');
INSERT INTO "tags" VALUES(2,'tag2','2014-11-10 17:24:19.578207','2014-11-10 17:24:19.578207');
INSERT INTO "tags" VALUES(4,'awesomeness','2014-11-10 17:51:46.751005','2014-11-10 17:51:46.751005');
INSERT INTO "tags" VALUES(5,'ruby','2014-11-10 17:51:47.071365','2014-11-10 17:51:47.071365');
INSERT INTO "tags" VALUES(6,'awesome','2014-11-10 22:35:22.459169','2014-11-10 22:35:22.459169');
INSERT INTO "tags" VALUES(7,'awsomeness','2014-11-10 22:35:23.107218','2014-11-10 22:35:23.107218');
INSERT INTO "tags" VALUES(8,'power','2014-11-10 22:42:14.154923','2014-11-10 22:42:14.154923');
INSERT INTO "tags" VALUES(9,'godness','2014-11-10 22:42:14.713257','2014-11-10 22:42:14.713257');
DROP TABLE "taggings";
CREATE TABLE "taggings" ("id" SERIAL PRIMARY KEY NOT NULL, "tag_id" integer, "article_id" integer, "created_at" timestamp, "updated_at" timestamp);
INSERT INTO "taggings" VALUES(1,1,1,'2014-11-10 17:23:51.397967','2014-11-10 17:23:51.397967');
INSERT INTO "taggings" VALUES(2,2,1,'2014-11-10 17:24:19.581019','2014-11-10 17:24:19.581019');
INSERT INTO "taggings" VALUES(3,3,16,'2014-11-10 17:51:47.496090','2014-11-10 17:51:47.496090');
INSERT INTO "taggings" VALUES(4,4,16,'2014-11-10 17:51:47.498514','2014-11-10 17:51:47.498514');
INSERT INTO "taggings" VALUES(5,5,16,'2014-11-10 17:51:47.499687','2014-11-10 17:51:47.499687');
INSERT INTO "taggings" VALUES(6,5,1,'2014-11-10 18:00:51.821502','2014-11-10 18:00:51.821502');
INSERT INTO "taggings" VALUES(7,1,16,'2014-11-10 18:01:05.657190','2014-11-10 18:01:05.657190');
INSERT INTO "taggings" VALUES(8,6,17,'2014-11-10 22:35:23.423952','2014-11-10 22:35:23.423952');
INSERT INTO "taggings" VALUES(9,7,17,'2014-11-10 22:35:23.426576','2014-11-10 22:35:23.426576');
INSERT INTO "taggings" VALUES(10,8,18,'2014-11-10 22:42:15.068372','2014-11-10 22:42:15.068372');
INSERT INTO "taggings" VALUES(11,9,18,'2014-11-10 22:42:15.070253','2014-11-10 22:42:15.070253');
INSERT INTO "taggings" VALUES(12,6,18,'2014-11-10 22:42:15.071787','2014-11-10 22:42:15.071787');
DROP TABLE "authors";
CREATE TABLE "authors" ("id" SERIAL PRIMARY KEY NOT NULL, "username" varchar(255) NOT NULL, "email" varchar(255) NOT NULL, "crypted_password" varchar(255) NOT NULL, "salt" varchar(255) NOT NULL, "created_at" timestamp, "updated_at" timestamp);
INSERT INTO "authors" VALUES(1,'admin','admin@example.com','$2a$10$P0ASc5lc1.g09V18d4aTGOGp8C/3JckGGfRSb3hWDUAssM7WqrY9i','KkzLMKNxLL3jFBiHJ9Ww','2014-11-10 21:36:27.189916','2014-11-10 21:36:27.189916');
INSERT INTO "authors" VALUES(2,'ze das chinelas','ze@org.com','$2a$10$vJvXijk21mJpElArIjncW.sPtvI22zPslNTvnA1mPelad1vMHy0.y','fWLBnELLxFrEcqzkMcKR','2014-11-10 22:40:29.512447','2014-11-10 22:40:29.512447');
DROP TABLE "articles";
CREATE TABLE "articles" ("id" SERIAL PRIMARY KEY NOT NULL, "title" varchar(255), "body" text, "created_at" timestamp, "updated_at" timestamp, "image_file_name" varchar(255), "image_content_type" varchar(255), "image_file_size" integer, "image_updated_at" timestamp, "author_id" integer, "view_count" integer DEFAULT 0);
INSERT INTO "articles" VALUES(1,'Sample Article Text','This is the text for my article, woo hoo!','2014-09-11 00:17:41.126618','2014-11-10 23:58:01.954646','aecim.jpg','image/jpeg',6042,'2014-11-10 19:31:33.249879',1,5);
INSERT INTO "articles" VALUES(2,'How good can coffee taste?','I know that almost any coffee could taste better than this I''m drinking right now.','2014-11-10 14:27:12.612390','2014-11-10 14:27:12.612390',NULL,NULL,NULL,NULL,NULL,0);
INSERT INTO "articles" VALUES(3,'About Quotes','If you wanna use quotes on your strings like: I''m Okay, you must define the string with double quotes','2014-11-10 14:28:46.281134','2014-11-10 14:28:46.281134',NULL,NULL,NULL,NULL,NULL,0);
INSERT INTO "articles" VALUES(4,'About Quotes II','If you wanna use double quotes inside your strings like: Then she said "I''m Okay", you must escape it with backslash, or use simple quotes','2014-11-10 14:29:55.395186','2014-11-10 14:29:55.395186',NULL,NULL,NULL,NULL,NULL,0);
INSERT INTO "articles" VALUES(7,'Fine','Thank you. I''m glad you came.','2014-11-10 15:34:01.476056','2014-11-10 16:08:52.787161',NULL,NULL,NULL,NULL,NULL,0);
INSERT INTO "articles" VALUES(15,'C''mon','C''mon c''mon c''mooooooooooooooon;','2014-11-10 17:40:06.950218','2014-11-10 17:40:06.950218',NULL,NULL,NULL,NULL,NULL,0);
INSERT INTO "articles" VALUES(16,'This article has tags!','This article is so awesome that I have to tag it like it deserves!','2014-11-10 17:51:47.492811','2014-11-10 19:40:18.871714','bolsa_familia.jpg','image/jpeg',9576,'2014-11-10 19:40:18.146020',NULL,0);
INSERT INTO "articles" VALUES(17,'I have an author','That''s awesome!','2014-11-10 22:35:23.420717','2014-11-10 23:39:52.832182','calma_exaltado.jpeg','image/jpeg',37176,'2014-11-10 22:35:23.415680',1,1);
INSERT INTO "articles" VALUES(18,'Greetings','My name is Ze das chinelas, I can do anything!','2014-11-10 22:42:15.065376','2014-11-10 23:31:19.644497','cala_kiko.jpg','image/jpeg',24940,'2014-11-10 22:42:15.062761',2,1);
CREATE UNIQUE INDEX "unique_schema_migrations" ON "schema_migrations" ("version");
CREATE INDEX "index_comments_on_article_id" ON "comments" ("article_id");
CREATE INDEX "index_taggings_on_tag_id" ON "taggings" ("tag_id");
CREATE INDEX "index_taggings_on_article_id" ON "taggings" ("article_id");
CREATE UNIQUE INDEX "index_authors_on_email" ON "authors" ("email");
COMMIT;
